id,first_name,last_name,email,phone
19-6276009,Vitia,Adamsen,vadamsen0@zdnet.com,+86-388-950-6096
19-2989738,Federico,Fishbourn,ffishbourn1@bbb.org,+33-480-537-4316
56-1674503,Cristiano,Chippindall,cchippindall2@biglobe.ne.jp,+63-381-431-8443
19-2174216,Tawnya,Laidlaw,tlaidlaw3@dion.ne.jp,+262-239-644-6713
18-8395422,Kelsey,Safell,ksafell4@si.edu,+374-914-170-9371
75-5217863,Elianora,Birley,ebirley5@cnn.com,+7-577-878-3483
06-4164014,Carmella,Riolfi,criolfi6@multiply.com,+7-300-787-1764
38-8714550,Janaya,Stook,jstook7@linkedin.com,+33-991-177-0177
88-3366275,Fernando,Witter,fwitter8@wix.com,+235-664-135-9920
89-7572683,Salaidh,Obington,sobington9@google.com,+55-357-653-2452
79-1067515,Aurthur,Dinis,adinisa@github.io,+51-433-131-3220
24-1004654,Rafaello,Farquhar,rfarquharb@cmu.edu,+55-899-152-8873
66-9110061,Nerissa,Palatini,npalatinic@360.cn,+63-924-413-3107
46-6542714,Ag,Duprey,adupreyd@macromedia.com,+63-330-890-1389
26-0853517,Drucy,Troctor,dtroctore@smugmug.com,+380-396-702-4793
78-6984977,Nadiya,Burnell,nburnellf@nydailynews.com,+370-561-122-9457
07-2325389,Emelina,Palombi,epalombig@opensource.org,+48-850-683-7134
22-7489427,Zoe,MattiCCI,zmatticcih@about.com,+33-666-986-9764
64-6758330,Dewey,Perham,dperhami@mapquest.com,+60-538-876-5033
43-7391108,Jaquelin,Aronovitz,jaronovitzj@thetimes.co.uk,+62-814-683-4857
92-0256888,Ardelia,Gaskall,agaskallk@prweb.com,+86-182-403-7019
60-8241515,Myrvyn,Droghan,mdroghanl@nbcnews.com,+62-631-389-9083
85-9282159,Zackariah,Wrankling,zwranklingm@marketwatch.com,+63-554-163-9701
50-4421344,Vanda,Sydry,vsydryn@dell.com,+966-500-380-8740
56-8207312,Chloe,Ferrers,cferrerso@foxnews.com,+55-151-637-6993
53-0800071,Charlene,Hughes,chughesp@google.es,+1-815-971-0289
92-5542133,Lincoln,Tellenbrook,ltellenbrookq@arizona.edu,+63-694-467-4107
56-3145682,Gerrie,Bertholin,gbertholinr@apple.com,+380-206-107-2038
61-9512314,Vere,Birchenough,vbirchenoughs@google.com.br,+63-881-312-1491
63-6623927,Corena,Vanyukov,cvanyukovt@webeden.co.uk,+86-192-207-1017
52-7774713,Gene,Janatka,gjanatkau@newyorker.com,+359-949-248-1087
49-9574617,Othilie,Blakes,oblakesv@home.pl,+351-997-658-3952
51-7426426,Patty,Kitchinghan,pkitchinghanw@blinklist.com,+62-281-384-7654
80-3630980,Shermie,Toffoloni,stoffolonix@sina.com.cn,+86-110-589-5501
66-2292926,Ynes,Antonioni,yantonioniy@army.mil,+48-157-912-4587
93-9046684,Dick,Fuke,dfukez@netvibes.com,+66-981-861-9741
89-0079464,Eden,Northam,enortham10@ucoz.com,+380-629-430-4660
11-9590719,Marilyn,Grelka,mgrelka11@taobao.com,+212-561-627-8113
92-1293123,Elise,Test,etest12@desdev.cn,+86-729-648-0924
21-2297942,Brooke,Becks,bbecks13@java.com,+86-204-959-6315
24-4755820,Edeline,Southon,esouthon14@storify.com,+61-684-431-8412
25-5444147,Molly,Sainz,msainz15@independent.co.uk,+235-176-183-8305
54-7767823,Onfre,Gilmour,ogilmour16@g.co,+51-134-673-0042
33-4284534,Neda,Vale,nvale17@netvibes.com,+52-156-668-0194
05-9510887,Sanson,Vossing,svossing18@seesaa.net,+351-457-660-2639
14-7421109,Ninnette,Cuttell,ncuttell19@cdc.gov,+380-762-416-9360
76-3842571,Minny,Heining,mheining1a@senate.gov,+233-132-539-7573
68-9405741,Rosalynd,McLenaghan,rmclenaghan1b@vimeo.com,+55-181-514-9750
80-0801157,Hyacinthia,Collings,hcollings1c@japanpost.jp,+54-464-674-7843
70-9129252,Lyn,Haskell,lhaskell1d@gov.uk,+48-860-460-7574
63-3174574,Shalna,Klementz,sklementz1e@deviantart.com,+356-501-420-6687
45-6583782,Raquela,Bynert,rbynert1f@epa.gov,+62-523-108-4611
62-0574533,Lian,Salvatore,lsalvatore1g@dailymail.co.uk,+218-916-361-3245
45-3550727,Lynnette,Feaveer,lfeaveer1h@ning.com,+7-174-847-3418
79-6664101,Angelia,Dyter,adyter1i@wix.com,+7-835-984-8284
81-9182053,Sigismund,Veld,sveld1j@cbslocal.com,+58-261-530-5295
64-8366380,Jilleen,Banbridge,jbanbridge1k@hubpages.com,+86-529-454-4654
72-0932458,Kelby,Harford,kharford1l@yale.edu,+86-345-458-6859
07-3969204,Ritchie,Pedroni,rpedroni1m@businesswire.com,+233-149-152-5854
87-3194607,Geri,Themann,gthemann1n@phoca.cz,+62-177-898-6255
86-2973549,Jard,Loveless,jloveless1o@goo.gl,+1-170-215-1187
67-2319408,Dani,Blinco,dblinco1p@samsung.com,+63-365-866-8497
39-0704325,Virgie,Mazillius,vmazillius1q@aol.com,+62-409-745-2500
39-4282034,Jeffrey,Dayborne,jdayborne1r@imageshack.us,+55-152-134-5160
18-2837014,Clarance,Gotts,cgotts1s@buzzfeed.com,+55-853-687-0012
41-8981988,Web,Smylie,wsmylie1t@tmall.com,+381-572-681-9901
75-6035987,Ada,Clarage,aclarage1u@networksolutions.com,+1-707-561-6071
57-8146177,Nichol,Tidey,ntidey1v@flickr.com,+504-730-178-3940
45-4890983,Francisco,Micah,fmicah1w@hp.com,+63-413-771-0018
65-5319629,Pat,Gentry,pgentry1x@google.pl,+46-373-421-1359
55-9444254,Jaimie,Calverley,jcalverley1y@dot.gov,+86-392-212-3682
93-6328260,Briant,Langstrath,blangstrath1z@webeden.co.uk,+52-188-425-9523
71-7161889,Toiboid,Milmoe,tmilmoe20@unblog.fr,+359-992-241-3069
62-7449081,Freemon,Walczynski,fwalczynski21@mapy.cz,+261-995-426-5460
42-2387903,Adamo,Goncaves,agoncaves22@gravatar.com,+374-529-439-4154
49-7446525,Bail,Grindrod,bgrindrod23@opensource.org,+62-116-638-3538
53-9724123,Jean,Genery,jgenery24@about.me,+86-311-971-6943
10-8834220,Dominik,Skea,dskea25@infoseek.co.jp,+505-748-443-9273
87-4705592,Gus,Dunkley,gdunkley26@reuters.com,+1-330-216-8240
30-8480338,Liam,Ivoshin,livoshin27@nydailynews.com,+86-173-779-1137
60-2715415,Kalle,Whiteside,kwhiteside28@qq.com,+971-734-698-1414
54-7772265,Jacinda,Lassey,jlassey29@goo.ne.jp,+63-341-916-3329
96-4263646,Jeni,Titchener,jtitchener2a@mashable.com,+86-279-197-4346
02-9979720,Wenda,Greenrde,wgreenrde2b@unesco.org,+81-873-673-8872
18-7079591,Cassandra,Elward,celward2c@google.nl,+351-137-720-8715
96-8173121,Starla,Lomath,slomath2d@symantec.com,+86-713-767-6108
81-9996522,Robinetta,Mougin,rmougin2e@addtoany.com,+86-168-612-9467
28-3057632,Chiquia,Postians,cpostians2f@domainmarket.com,+994-287-297-3292
98-9642350,Sigmund,Slainey,sslainey2g@sourceforge.net,+81-394-452-1705
70-6245724,Britte,Folker,bfolker2h@yale.edu,+234-216-290-2189
09-3012506,Marika,Shelsher,mshelsher2i@narod.ru,+504-704-233-8097
37-3334195,Kristyn,Soares,ksoares2j@cnbc.com,+7-532-617-5412
19-0872428,Fey,Wheatman,fwheatman2k@jimdo.com,+234-696-395-7494
17-2775203,Meade,Dankersley,mdankersley2l@auda.org.au,+86-307-782-6539
18-5398661,Carey,Farrar,cfarrar2m@sitemeter.com,+62-412-674-3809
60-1009897,Bertie,Aickin,baickin2n@usa.gov,+62-102-195-9579
96-8269180,Caren,Gristwood,cgristwood2o@sohu.com,+63-790-906-5342
28-9757162,Ronica,Dubber,rdubber2p@marketwatch.com,+380-107-186-3304
05-7469518,Gertie,Cornall,gcornall2q@cisco.com,+86-563-124-9388
66-5884768,Christy,Michurin,cmichurin2r@constantcontact.com,+1-789-860-7320
64-5197709,Godfry,Tolson,gtolson2s@1688.com,+66-300-760-3833
43-3574372,Katusha,Euler,keuler2t@hibu.com,+1-772-146-5869
74-8980716,Ambrosi,Kropach,akropach2u@indiegogo.com,+62-356-637-0134
95-0509923,Denver,Danet,ddanet2v@craigslist.org,+55-824-385-1336
39-4600184,Celinda,Sperwell,csperwell2w@japanpost.jp,+62-213-573-6925
48-6416269,Dwayne,Barbrook,dbarbrook2x@phoca.cz,+86-891-210-1474
68-6886206,Gauthier,Middup,gmiddup2y@geocities.jp,+359-550-470-2368
80-0854350,Renee,Coch,rcoch2z@fastcompany.com,+62-536-151-6807
76-4370514,Thane,McAulay,tmcaulay30@ycombinator.com,+380-711-595-5088
48-8309620,Clea,Lambrick,clambrick31@jugem.jp,+351-105-618-2156
32-9134489,Nydia,Chmarny,nchmarny32@ocn.ne.jp,+84-911-385-5259
60-2705441,Ferdinand,Sprull,fsprull33@google.ca,+62-429-688-5991
52-2772290,Balduin,Garms,bgarms34@redcross.org,+63-641-631-2874
16-3771445,Lianna,Ewols,lewols35@mashable.com,+7-689-560-0967
84-7390621,Em,Tefft,etefft36@fda.gov,+1-203-277-3052
72-4013741,Doreen,Crutch,dcrutch37@com.com,+33-621-775-1391
34-9609312,Goober,Greenhouse,ggreenhouse38@rediff.com,+62-858-855-2956
58-8029266,Zerk,MacNelly,zmacnelly39@wikipedia.org,+505-835-949-2728
27-8510592,Chevy,Khosa,ckhosa3a@foxnews.com,+7-378-565-1415
00-4650290,Cale,Twidale,ctwidale3b@washingtonpost.com,+52-543-439-7188
65-4942521,Drake,Chelnam,dchelnam3c@ted.com,+63-662-363-1505
83-0609394,Ingram,Calbreath,icalbreath3d@marriott.com,+46-400-431-6973
84-5582779,Mair,Biddy,mbiddy3e@wp.com,+33-241-179-3265
14-7134989,Christophorus,Slafford,cslafford3f@livejournal.com,+86-374-145-4717
00-3360128,Bogey,Reding,breding3g@sun.com,+86-607-360-4485
57-6670979,Timi,Olerenshaw,tolerenshaw3h@tuttocitta.it,+86-707-487-8610
22-9573442,Erroll,Skym,eskym3i@cocolog-nifty.com,+86-321-993-1529
62-3714658,Brien,Jarritt,bjarritt3j@patch.com,+1-813-195-9368
95-2254964,Lauren,Keedy,lkeedy3k@xrea.com,+7-538-537-2400
58-6274922,Kliment,Foulcher,kfoulcher3l@answers.com,+66-643-139-1108
82-1861094,Shaylah,Ivan,sivan3m@desdev.cn,+386-915-685-0076
78-5921439,Sinclare,Rampage,srampage3n@kickstarter.com,+351-113-181-0879
41-2583666,Dominga,Fayne,dfayne3o@blogspot.com,+58-185-699-8042
66-0461287,Charles,Meacher,cmeacher3p@baidu.com,+351-875-350-7037
70-4415131,Peggy,Ebden,pebden3q@sourceforge.net,+850-576-781-5802
69-6218556,Aymer,Wimmer,awimmer3r@engadget.com,+66-539-342-8369
60-1754721,Mitzi,Doding,mdoding3s@microsoft.com,+62-274-778-9807
25-4716840,Rozalie,MacKilroe,rmackilroe3t@webmd.com,+30-241-588-0666
98-9032846,Claudine,Niblock,cniblock3u@kickstarter.com,+1-780-210-6807
21-3545207,Elyse,Phillcox,ephillcox3v@slideshare.net,+63-278-674-2579
48-6955944,Gloriane,Eymor,geymor3w@ycombinator.com,+63-620-400-4342
53-5688453,Colan,Ferrer,cferrer3x@virginia.edu,+358-178-219-3341
16-7288891,Eadmund,Kilmartin,ekilmartin3y@wp.com,+351-909-893-7818
67-8637294,Rakel,Bailey,rbailey3z@creativecommons.org,+46-409-163-5692
48-0070538,Lloyd,Dow,ldow40@geocities.com,+62-264-296-1532
22-7548074,Desiri,Vicar,dvicar41@prweb.com,+1-184-268-9824
82-9705431,Gilda,Netley,gnetley42@vimeo.com,+62-341-436-0458
02-5303334,Reba,McCaster,rmccaster43@apple.com,+86-752-572-8810
35-0280725,Ladonna,Strelitzki,lstrelitzki44@businessinsider.com,+86-220-997-2781
08-4724859,Gregoor,Queyeiro,gqueyeiro45@skyrock.com,+374-606-762-0072
06-3904076,Burg,Bellwood,bbellwood46@ibm.com,+970-369-466-5706
09-2124052,Elvis,Tinn,etinn47@hatena.ne.jp,+351-986-546-8202
80-6888909,Nicole,Jeremiah,njeremiah48@economist.com,+62-262-953-4561
51-2289939,Ashlen,Cabel,acabel49@goo.gl,+254-403-375-4681
43-0330841,Deerdre,Evison,devison4a@istockphoto.com,+46-170-680-4292
41-0084580,Claude,Rylstone,crylstone4b@cdbaby.com,+27-760-589-5341
27-5014488,Collette,Dewfall,cdewfall4c@yellowpages.com,+63-312-166-5060
25-8550838,Rudy,Lauchlan,rlauchlan4d@gizmodo.com,+48-197-749-3169
29-7662198,Stoddard,Powdrill,spowdrill4e@cam.ac.uk,+351-617-313-6185
65-2714076,Daniella,Muckart,dmuckart4f@google.com,+45-835-567-9415
26-1577259,Maybelle,Howsin,mhowsin4g@constantcontact.com,+375-292-588-1288
69-3357714,Deb,Bernardet,dbernardet4h@phoca.cz,+86-400-582-8137
69-7686198,Sophey,Welsby,swelsby4i@elegantthemes.com,+86-923-442-6406
53-2622292,Oliy,Shaudfurth,oshaudfurth4j@behance.net,+86-278-984-1136
56-7741855,Caressa,Blum,cblum4k@harvard.edu,+81-777-949-7573
00-5566688,Jillane,Pennington,jpennington4l@blogger.com,+220-714-580-4963
23-9995168,Norri,Moffett,nmoffett4m@usnews.com,+351-154-174-1806
37-5609228,Anna-diana,Otter,aotter4n@last.fm,+86-485-345-3226
70-8844693,Piper,Kauschke,pkauschke4o@prnewswire.com,+62-966-539-6169
08-5255808,Aridatha,Goalby,agoalby4p@shop-pro.jp,+233-964-594-6053
77-1408535,Kaylyn,Arkley,karkley4q@sohu.com,+46-347-432-6243
09-0261012,Rianon,Zold,rzold4r@narod.ru,+261-814-960-1937
01-7526932,Delano,Heijnen,dheijnen4s@sourceforge.net,+86-928-300-2057
99-3210214,Maura,Logan,mlogan4t@acquirethisname.com,+52-179-166-1547
93-8628297,Alexi,Rizzolo,arizzolo4u@uiuc.edu,+55-392-515-1014
53-8667197,Kylila,Lownes,klownes4v@pbs.org,+48-983-306-3668
40-0735191,Tabitha,Tunnick,ttunnick4w@tripadvisor.com,+7-850-164-1682
42-1799598,Codi,Manon,cmanon4x@gnu.org,+33-620-307-3059
20-7849250,Misti,Blench,mblench4y@patch.com,+62-379-423-3492
00-9737762,Kala,Woolfoot,kwoolfoot4z@independent.co.uk,+86-146-167-8355
87-5110277,Lisabeth,Riseborough,lriseborough50@t.co,+62-332-668-6969
80-2385184,Reggi,Valenta,rvalenta51@home.pl,+86-537-499-9885
56-6320808,Hollis,Sandry,hsandry52@google.cn,+375-170-183-3141
59-8269850,Chariot,Patron,cpatron53@virginia.edu,+86-466-862-2893
06-8389074,Magdalen,McCuish,mmccuish54@theatlantic.com,+55-780-825-6674
08-7594670,Elihu,Levey,elevey55@businessinsider.com,+86-687-165-8468
41-5493343,Tadeas,Belch,tbelch56@zdnet.com,+46-649-428-1690
98-7204723,Rozanna,Gavrielli,rgavrielli57@people.com.cn,+261-831-659-0697
58-6871942,Cleo,DeSousa,cdesousa58@constantcontact.com,+48-594-427-3546
11-6580304,Alidia,Cradoc,acradoc59@canalblog.com,+55-966-954-9671
00-0240690,Georgeta,Sisneros,gsisneros5a@networkadvertising.org,+62-321-498-3394
40-9194483,Rowan,Dockwray,rdockwray5b@rambler.ru,+62-761-638-0861
00-7333946,Wilfred,Rudgard,wrudgard5c@soup.io,+62-436-521-6353
37-1563544,Alene,Reace,areace5d@ucoz.com,+593-209-834-2605
52-7941808,Humfrey,MacIlriach,hmacilriach5e@edublogs.org,+47-943-503-7571
38-7292800,Cathrine,Woofendell,cwoofendell5f@ning.com,+81-556-732-5170
26-7828892,Giulia,Garlant,ggarlant5g@com.com,+63-748-526-3822
62-2794789,Marlie,Adamkiewicz,madamkiewicz5h@plala.or.jp,+371-708-435-5647
59-8783379,Marget,Playford,mplayford5i@berkeley.edu,+86-564-924-5164
04-7234651,Colly,Hollyar,chollyar5j@reddit.com,+33-816-613-7546
48-3094372,Teresina,Phair,tphair5k@salon.com,+62-563-342-7714
71-2730525,Tamas,Hanbury-Brown,thanburybrown5l@wikipedia.org,+372-145-113-1488
91-6095816,Lyn,Albinson,lalbinson5m@msu.edu,+375-824-301-8582
66-6651138,Filippa,Cowlard,fcowlard5n@mozilla.com,+266-438-631-6003
11-4268478,Bert,Jakubczyk,bjakubczyk5o@bbc.co.uk,+507-126-425-0284
55-3867127,Bryn,Prandoni,bprandoni5p@indiatimes.com,+380-432-625-9608
79-6120713,Paige,Carlick,pcarlick5q@zimbio.com,+84-120-282-4018
25-2835025,Wallie,Gillings,wgillings5r@twitter.com,+374-890-580-1503
27-3060750,Moyna,Littrell,mlittrell5s@canalblog.com,+7-587-204-9925
52-5690871,Donelle,Vitler,dvitler5t@sciencedirect.com,+351-891-205-2205
77-8620427,Killian,Strand,kstrand5u@ocn.ne.jp,+381-334-706-2676
30-1208113,Tierney,Jamieson,tjamieson5v@marriott.com,+62-522-819-6060
49-8513818,Logan,Izzard,lizzard5w@istockphoto.com,+62-147-352-8224
69-4209147,Waylen,Bath,wbath5x@tuttocitta.it,+86-362-100-3793
69-9061074,Oralia,Gillow,ogillow5y@google.fr,+34-525-929-6243
62-6656874,Grata,Cracoe,gcracoe5z@skype.com,+62-984-315-5748
87-1988980,Norby,Persence,npersence60@themeforest.net,+62-305-759-2773
17-3362502,Becka,Nice,bnice61@diigo.com,+86-483-330-9522
46-2661985,Caryn,Birtwistle,cbirtwistle62@hao123.com,+359-434-440-9493
11-9044045,Margalit,Cromer,mcromer63@google.co.uk,+86-864-391-7287
82-7217685,Gordy,Manginot,gmanginot64@theguardian.com,+234-954-873-1831
34-2124241,Dominga,Hoult,dhoult65@unicef.org,+55-581-795-2357
41-9278904,Gleda,Wenzel,gwenzel66@illinois.edu,+63-687-727-4364
27-5091708,Janeta,Barff,jbarff67@lycos.com,+7-455-100-6713
61-8470782,Rosmunda,Dowthwaite,rdowthwaite68@timesonline.co.uk,+86-253-336-8576
53-5222010,Babbie,ducarme,bducarme69@usatoday.com,+48-337-813-7778
64-0926570,Lida,Byrth,lbyrth6a@scientificamerican.com,+420-505-208-9263
43-0406423,Maia,Buggs,mbuggs6b@shinystat.com,+62-986-448-5347
39-9559750,Gil,McCloughlin,gmccloughlin6c@wsj.com,+86-501-267-9649
28-2652949,Zulema,Boothe,zboothe6d@webmd.com,+7-684-716-8650
21-4126584,Daune,Dumbarton,ddumbarton6e@msu.edu,+60-468-311-5956
29-5350979,Dolf,Ginni,dginni6f@ft.com,+57-935-448-7715
33-6198117,Audry,Stearne,astearne6g@gmpg.org,+86-906-467-4861
85-0691465,Adlai,Abrami,aabrami6h@mail.ru,+253-371-106-2183
67-3142347,Ibrahim,Conquest,iconquest6i@freewebs.com,+230-515-141-6496
49-7193755,Peria,Ubsdall,pubsdall6j@jimdo.com,+1-304-508-2551
94-4248427,Magdalena,Stoffels,mstoffels6k@intel.com,+86-648-582-0722
77-2449491,Maggi,Jorez,mjorez6l@sogou.com,+86-608-914-0565
15-4858919,Josy,Ferrario,jferrario6m@istockphoto.com,+504-559-159-2647
49-7218784,Amalle,Padmore,apadmore6n@google.com,+46-103-580-1874
79-9602190,Brittani,Bosse,bbosse6o@themeforest.net,+86-457-866-7459
76-9368939,Peria,Ferreira,pferreira6p@biblegateway.com,+86-979-132-0641
41-0627180,Sherlocke,Patington,spatington6q@patch.com,+1-972-740-2527
93-1558186,Carlynn,Martensen,cmartensen6r@homestead.com,+86-728-577-3277
87-2554731,Webster,Ashburner,washburner6s@mapy.cz,+7-488-931-1289
75-9474927,Rodrick,Watsam,rwatsam6t@altervista.org,+66-505-848-0424
52-4842171,Theresita,Geistmann,tgeistmann6u@ustream.tv,+86-919-239-0333
86-8389983,Bernette,Walsom,bwalsom6v@mozilla.org,+86-854-406-7056
35-1434673,Eloise,Fullard,efullard6w@oaic.gov.au,+86-128-978-2257
22-4308685,Pepillo,Denge,pdenge6x@desdev.cn,+56-244-671-6815
82-0890334,Siouxie,Finci,sfinci6y@ihg.com,+62-488-457-3999
99-5389226,Arliene,Rookledge,arookledge6z@webeden.co.uk,+93-552-211-6019
31-6916739,Noreen,Dawdary,ndawdary70@qq.com,+1-212-861-1393
85-2717681,Harrie,Insall,hinsall71@comsenz.com,+86-272-225-1136
32-5384169,Francyne,de Marco,fdemarco72@discuz.net,+46-817-610-2252
89-7071562,Kenyon,Vaszoly,kvaszoly73@nbcnews.com,+375-790-901-4285
70-2091578,Caesar,Chatain,cchatain74@webnode.com,+57-268-210-4240
70-8436458,Ninnette,MacGlory,nmacglory75@va.gov,+63-650-679-3148
42-8989379,Horacio,Fetherstan,hfetherstan76@yellowpages.com,+39-496-402-1308
23-8309311,Gigi,Clashe,gclashe77@amazon.com,+86-565-565-7966
37-6501317,Lothario,Hospital,lhospital78@addthis.com,+86-695-848-5039
01-0714314,Domenic,Blanko,dblanko79@a8.net,+62-197-105-8539
77-6479262,Delmer,Harlick,dharlick7a@taobao.com,+61-628-881-0514
84-8483301,Reagan,Trow,rtrow7b@google.com,+1-101-624-8755
01-4485692,Brant,Luna,bluna7c@cnbc.com,+55-256-758-1055
17-4736674,Didi,Goseling,dgoseling7d@usa.gov,+63-116-567-3656
56-5988585,Lazare,Davidov,ldavidov7e@disqus.com,+57-690-174-8683
56-6216814,Alair,Deely,adeely7f@51.la,+1-434-598-3291
52-3080472,Erwin,Oxbrough,eoxbrough7g@yahoo.com,+507-960-685-2569
52-1870302,Beauregard,Birds,bbirds7h@toplist.cz,+51-649-188-8702
93-5946142,Midge,Josowitz,mjosowitz7i@independent.co.uk,+57-271-923-2645
12-5662874,Ernestine,Hakking,ehakking7j@ask.com,+55-193-449-4266
78-5861091,Scarface,Sawbridge,ssawbridge7k@ameblo.jp,+48-508-851-5699
06-4584651,Skyler,Sollom,ssollom7l@reuters.com,+81-778-635-7569
55-0297007,Alphonse,Firmin,afirmin7m@ucoz.com,+57-336-903-8787
11-2970997,Bobbee,Wotton,bwotton7n@ed.gov,+86-349-641-7060
83-8655145,Othelia,Hailey,ohailey7o@com.com,+47-392-567-2716
93-2787302,Ethan,Stetlye,estetlye7p@posterous.com,+48-454-489-3273
34-4693468,Niall,Sketh,nsketh7q@eepurl.com,+57-350-262-8155
86-5062465,Yardley,Kerbler,ykerbler7r@admin.ch,+994-403-342-6210
46-4900916,Frannie,Roseveare,froseveare7s@stanford.edu,+33-411-387-8853
27-1669052,Aylmer,Golton,agolton7t@lulu.com,+1-409-698-3127
78-8616443,Ruperto,Geaveny,rgeaveny7u@discuz.net,+374-937-825-7506
50-3579240,Donetta,Jendas,djendas7v@wp.com,+63-169-986-7263
12-9483736,Willie,Karadzas,wkaradzas7w@skype.com,+970-742-923-8645
32-5307495,Gerri,Skells,gskells7x@youtu.be,+57-964-481-2559
04-9497416,Deane,Pillifant,dpillifant7y@ask.com,+86-776-991-5359
76-9546188,Debbi,Hatherley,dhatherley7z@ocn.ne.jp,+98-572-753-9301
58-1111515,Zsa zsa,Pipet,zpipet80@aboutads.info,+46-850-460-2454
23-7656893,Byron,Dubs,bdubs81@sina.com.cn,+55-477-153-8565
34-4335749,Phip,Poll,ppoll82@hubpages.com,+385-373-101-2699
79-6160319,Patricia,Paulton,ppaulton83@chron.com,+84-235-281-6080
74-6029658,Christalle,Saxelby,csaxelby84@lulu.com,+33-231-840-4238
81-9266942,Meryl,Salatino,msalatino85@theatlantic.com,+86-561-545-4547
14-9973571,Greggory,Tattersdill,gtattersdill86@sphinn.com,+1-801-137-4850
70-5938013,Emmott,McGinnell,emcginnell87@cnet.com,+256-114-699-5524
67-7706782,Yetta,Condit,ycondit88@webeden.co.uk,+57-599-362-0587
02-4495569,Arlyn,Klimecki,aklimecki89@loc.gov,+46-281-600-4454
64-8796020,Latrina,Delacroix,ldelacroix8a@free.fr,+30-363-723-9178
35-2064298,Reinwald,McCahill,rmccahill8b@behance.net,+86-514-571-8862
84-5504347,Tuesday,Mayston,tmayston8c@surveymonkey.com,+351-249-827-4545
99-5605254,Angelika,Aitkin,aaitkin8d@unc.edu,+62-306-255-4361
09-4090392,Maxine,Culverhouse,mculverhouse8e@meetup.com,+86-653-867-3889
88-8691659,Fran,Vodden,fvodden8f@bandcamp.com,+234-600-242-0044
34-3949760,Nicolai,McNerlin,nmcnerlin8g@webs.com,+86-807-770-3896
94-4457232,Perkin,Cooley,pcooley8h@vkontakte.ru,+86-350-197-7657
21-7419231,Laura,Whaymand,lwhaymand8i@51.la,+7-678-326-5761
30-8104372,Elfrida,de Clerq,edeclerq8j@freewebs.com,+62-779-370-9505
65-7258805,Shell,Janeway,sjaneway8k@jiathis.com,+55-341-316-5535
48-3773427,Alejandro,Laity,alaity8l@zimbio.com,+255-397-564-2598
31-1509358,Earle,Lushey,elushey8m@artisteer.com,+86-475-397-5625
99-1164776,Bettine,Hek,bhek8n@youku.com,+63-239-659-2591
02-5787158,Elenore,Tambling,etambling8o@edublogs.org,+33-319-260-4401
22-6332029,Adrian,Cairns,acairns8p@furl.net,+48-692-309-4111
02-1121899,Arlette,Dayly,adayly8q@yahoo.co.jp,+63-549-979-2765
61-7231012,Ted,Lukins,tlukins8r@vimeo.com,+420-869-692-6735
59-6902931,Arlana,Scotchmor,ascotchmor8s@youku.com,+84-278-199-4954
99-0255674,Dorelia,Antoniat,dantoniat8t@dell.com,+357-554-399-2417
20-6536029,Svend,Hammerich,shammerich8u@joomla.org,+33-135-991-9437
39-9598151,Jackson,Bauer,jbauer8v@google.ca,+48-557-358-9134
41-1847559,Amargo,Tregido,atregido8w@networkadvertising.org,+31-751-891-7757
22-2960573,Natty,Orkney,norkney8x@theguardian.com,+66-238-145-5511
80-6198564,Dasha,Merrick,dmerrick8y@icq.com,+420-497-709-9596
35-3754014,Barbabra,Fair,bfair8z@nps.gov,+7-275-950-9698
36-1389633,Issie,Spinige,ispinige90@163.com,+86-851-352-3791
64-7231111,Ronnica,Signore,rsignore91@mit.edu,+62-310-126-8373
29-6371749,Mickie,Bevington,mbevington92@blogger.com,+1-591-922-9627
76-4834170,Lorrin,Ingledew,lingledew93@newsvine.com,+49-852-966-2878
85-6842409,Robin,Wolfendell,rwolfendell94@dell.com,+51-173-673-0334
70-3331603,Querida,D'Onise,qdonise95@dmoz.org,+380-281-925-5896
99-5546699,Haze,Mithon,hmithon96@multiply.com,+234-911-553-7979
72-5637060,Colette,Norrington,cnorrington97@free.fr,+507-942-525-5682
98-8945298,Fifi,Stimson,fstimson98@msn.com,+64-485-378-5734
66-7919515,Idelle,Sellens,isellens99@cmu.edu,+27-604-326-2564
28-0831161,Gweneth,Dutton,gdutton9a@hexun.com,+84-118-533-6085
94-6511804,Juliann,Siflet,jsiflet9b@fda.gov,+7-992-826-4420
64-8341659,Leif,Plowell,lplowell9c@tripod.com,+86-387-616-1452
07-1041022,Samara,Tindall,stindall9d@nasa.gov,+48-956-112-1374
85-3106285,Andie,Witcher,awitcher9e@sogou.com,+994-190-907-4393
97-7308035,Lizbeth,Pachta,lpachta9f@bizjournals.com,+46-875-581-9836
26-1089605,Arleen,Cuff,acuff9g@engadget.com,+244-710-553-6535
32-5349759,Anton,Ginty,aginty9h@paginegialle.it,+86-578-576-8268
50-5266133,Sayre,Pardew,spardew9i@cmu.edu,+55-693-342-9857
17-5212411,Robenia,Marchington,rmarchington9j@yahoo.co.jp,+86-714-703-8884
58-6288468,Harlie,Fronzek,hfronzek9k@xinhuanet.com,+1-504-286-5264
63-6732937,Marnia,Eykelhof,meykelhof9l@so-net.ne.jp,+7-599-336-4862
09-5250465,Jone,Manilove,jmanilove9m@goo.gl,+86-164-917-2935
73-6242117,Cherilynn,Busse,cbusse9n@flickr.com,+386-326-120-4575
76-3530210,Eberhard,Darth,edarth9o@walmart.com,+964-350-846-8756
32-3313797,Carmela,Frape,cfrape9p@lulu.com,+66-958-263-4235
84-2927988,Gare,Roskeilly,groskeilly9q@bloglovin.com,+221-425-636-2905
15-4814510,Melesa,Lohering,mlohering9r@oakley.com,+57-670-643-9830
38-4179262,Danny,Greenstock,dgreenstock9s@chron.com,+64-757-224-2061
06-7021682,Kendra,Clemitt,kclemitt9t@fastcompany.com,+251-539-727-1418
32-9027628,Araldo,House,ahouse9u@scribd.com,+373-500-113-2880
87-7760961,Gratia,Limming,glimming9v@blogtalkradio.com,+62-448-387-6022
23-6296112,Marsha,Nicklinson,mnicklinson9w@yahoo.com,+7-306-757-1332
20-1824250,Jedediah,Mapstone,jmapstone9x@ihg.com,+995-755-269-3375
36-6775620,Karel,Adriani,kadriani9y@tamu.edu,+994-810-602-6411
32-1336617,Gaelan,Morhall,gmorhall9z@unicef.org,+7-101-733-9391
87-8621343,Tallulah,Kemmet,tkemmeta0@altervista.org,+92-502-560-3766
46-2017531,Englebert,Scoular,escoulara1@sakura.ne.jp,+1-682-155-5535
71-8715320,Kirbee,Cyples,kcyplesa2@biglobe.ne.jp,+976-872-408-7326
30-4472665,Malcolm,Welburn,mwelburna3@bluehost.com,+62-173-265-6447
08-5903278,Gardy,Faithfull,gfaithfulla4@jigsy.com,+86-185-113-7113
14-0165412,Malanie,Ruhben,mruhbena5@shareasale.com,+63-726-275-6042
58-7838290,Nickie,Richardon,nrichardona6@joomla.org,+86-186-933-8802
95-7507982,Collete,Prisley,cprisleya7@hostgator.com,+55-420-291-2612
76-4676955,Sonnnie,Kleewein,skleeweina8@ucoz.com,+86-969-280-0296
13-9440656,Jimmie,Meriet,jmerieta9@google.it,+383-860-459-8364
91-8619092,Chantalle,Nund,cnundaa@surveymonkey.com,+86-891-339-3060
40-4156167,Anica,Margrett,amargrettab@twitter.com,+86-437-286-4682
38-4520892,Ingemar,Powder,ipowderac@fc2.com,+86-669-698-1640
65-4140629,Earlie,Sture,esturead@pen.io,+63-183-188-9637
23-0707435,Janel,Reace,jreaceae@nifty.com,+855-288-843-8043
95-3697414,Val,Peasgood,vpeasgoodaf@domainmarket.com,+7-612-841-9577
72-5954051,Karine,Farden,kfardenag@who.int,+62-978-563-3460
01-1229290,Lonnie,Chalcot,lchalcotah@utexas.edu,+420-603-357-7843
92-8454337,Uriah,Formilli,uformilliai@ebay.com,+593-334-279-3372
90-4681031,Corrina,Lewer,cleweraj@dagondesign.com,+86-481-780-7096
59-8230187,Janelle,Bowes,jbowesak@quantcast.com,+46-153-802-4325
51-6187103,Riccardo,Hardy,rhardyal@multiply.com,+48-439-826-6911
24-3656074,Winni,Murrell,wmurrellam@feedburner.com,+212-250-521-6399
10-1817249,Meade,Rawe,mrawean@dion.ne.jp,+375-382-284-5037
93-4871303,Laurie,Chestle,lchestleao@vimeo.com,+63-196-770-1650
69-2536539,Tera,Scriviner,tscrivinerap@google.it,+256-538-307-9054
64-1547342,Shirline,Callery,scalleryaq@vk.com,+353-731-599-1673
49-2438945,Meredeth,Beyn,mbeynar@bloglines.com,+52-628-510-8976
69-8958081,Jorge,Gabbatiss,jgabbatissas@ebay.co.uk,+7-256-429-4901
96-0754189,Hakim,Ruppel,hruppelat@cmu.edu,+994-189-960-8307
31-0261422,Nelie,Harse,nharseau@hao123.com,+1-617-645-1620
70-5301315,Corty,McMenamin,cmcmenaminav@imgur.com,+229-575-525-8106
73-3886949,Kendre,Osgar,kosgaraw@virginia.edu,+86-680-884-3661
51-1745525,Abey,Boothby,aboothbyax@ucoz.ru,+63-775-785-8062
41-6978566,Darlleen,Kuhnert,dkuhnertay@cam.ac.uk,+86-397-295-2854
54-1193073,Annabelle,Pavolillo,apavolilloaz@bigcartel.com,+51-344-322-9810
77-3676941,Georges,Brenstuhl,gbrenstuhlb0@youtu.be,+62-766-869-3542
55-0798701,Bree,Menico,bmenicob1@oakley.com,+46-588-296-4277
54-1833014,Yale,Trethewey,ytretheweyb2@ibm.com,+86-744-296-2167
21-2587820,Dorie,Mangam,dmangamb3@oracle.com,+66-952-758-7294
54-0512298,Sallyanne,Chaff,schaffb4@squidoo.com,+51-611-212-5187
26-1619576,Coop,Dechelle,cdechelleb5@marketwatch.com,+233-893-171-3579
00-9751786,Forrester,Mattecot,fmattecotb6@fda.gov,+234-120-436-8485
15-5476857,Christabel,McCrorie,cmccrorieb7@desdev.cn,+55-305-479-1584
95-1331109,Kara,Nutley,knutleyb8@addtoany.com,+54-213-697-3087
23-9476832,Donia,Banisch,dbanischb9@angelfire.com,+507-155-107-2127
71-7937629,Milena,Eastup,meastupba@blogger.com,+55-408-765-1674
71-8193863,Dede,Fussen,dfussenbb@paypal.com,+86-645-318-8468
89-5394399,Harvey,Ruddle,hruddlebc@opera.com,+66-882-412-7689
83-7531380,Lusa,Podmore,lpodmorebd@constantcontact.com,+86-589-136-9099
72-7273371,Dukie,Rickersey,drickerseybe@constantcontact.com,+62-972-811-7509
19-6785087,Amitie,Lichtfoth,alichtfothbf@smh.com.au,+86-541-111-5237
35-8210806,Elston,Housden,ehousdenbg@geocities.com,+994-806-872-1146
48-7297796,Darryl,Siverns,dsivernsbh@dot.gov,+7-647-370-5212
51-0366595,Marianna,Spoole,mspoolebi@qq.com,+86-847-577-0353
19-3615699,Arielle,Beamish,abeamishbj@friendfeed.com,+86-278-577-2175
75-0217597,Cybil,Warland,cwarlandbk@printfriendly.com,+46-385-555-8806
51-2672757,Doro,Buckel,dbuckelbl@marriott.com,+48-820-864-3183
19-5819296,Britta,Orrobin,borrobinbm@netscape.com,+54-257-378-9951
42-0931228,Lottie,Piatek,lpiatekbn@furl.net,+55-161-421-9214
40-9865952,Alexina,Theurer,atheurerbo@hhs.gov,+62-522-972-2403
05-2631333,Trev,Paish,tpaishbp@theatlantic.com,+63-772-320-2928
65-9537959,Tiffi,Fryatt,tfryattbq@theatlantic.com,+7-856-917-9245
46-8878001,Teador,O'Logan,tologanbr@walmart.com,+994-112-842-2987
21-0396086,Bonnie,Bullene,bbullenebs@about.me,+86-961-282-8534
78-1926406,Silvanus,Wignall,swignallbt@archive.org,+62-228-918-1723
48-0533227,Napoleon,Ervin,nervinbu@issuu.com,+93-635-916-1107
01-3048051,Ollie,Ions,oionsbv@europa.eu,+691-774-404-8988
76-1751636,Elladine,McArthur,emcarthurbw@paginegialle.it,+48-526-371-6619
88-5190344,Lory,Wimpenny,lwimpennybx@yandex.ru,+86-853-425-1761
49-2851461,Man,Happs,mhappsby@berkeley.edu,+7-721-127-7700
46-0541413,Cherida,Davidsson,cdavidssonbz@shutterfly.com,+976-687-739-7879
22-9986288,Northrop,Hortop,nhortopc0@wired.com,+86-909-945-4807
44-6640746,Fiorenze,Dullard,fdullardc1@vk.com,+886-446-859-7510
12-4669281,Trude,Quinnet,tquinnetc2@netlog.com,+86-589-241-6723
33-0255366,Joelie,Bute,jbutec3@fc2.com,+353-989-671-2212
87-1661090,Wenda,Sussex,wsussexc4@live.com,+55-297-241-1044
65-2198742,Toddy,Puddan,tpuddanc5@facebook.com,+33-900-699-1975
99-6590677,Grover,Cumberbatch,gcumberbatchc6@chicagotribune.com,+86-815-997-1329
18-4139169,Ginny,Schaumaker,gschaumakerc7@goo.gl,+86-649-942-7599
53-6447297,Alia,Brasener,abrasenerc8@theatlantic.com,+48-857-699-6618
33-3864217,Alanna,Lazarus,alazarusc9@soundcloud.com,+7-954-523-9671
10-5653102,Gayla,Lozano,glozanoca@prweb.com,+7-954-151-2796
44-7731042,Holt,Ranking,hrankingcb@army.mil,+62-112-426-5064
81-8485041,Marina,Absolon,mabsoloncc@people.com.cn,+54-765-394-2885
74-6677922,Rozamond,Dowsett,rdowsettcd@quantcast.com,+86-720-459-9816
54-5871256,Darren,Abramowitch,dabramowitchce@histats.com,+62-715-414-4514
14-6062648,Osbert,McDarmid,omcdarmidcf@mashable.com,+54-802-309-9937
68-6130525,Bat,McShea,bmcsheacg@google.it,+48-866-622-6106
10-0921682,Renard,Ronchi,rronchich@deliciousdays.com,+57-569-211-9353
95-0288056,Lissa,Rome,lromeci@scientificamerican.com,+86-448-271-4319
17-8166107,Zaccaria,Mougeot,zmougeotcj@cmu.edu,+1-989-840-6974
62-8290500,Haily,Taudevin,htaudevinck@pbs.org,+61-423-331-6562
06-2983216,Norbert,Caudrey,ncaudreycl@creativecommons.org,+255-741-299-3631
61-2768228,Sloan,Lucia,sluciacm@addthis.com,+47-989-284-6744
27-0927364,Sumner,Brettel,sbrettelcn@wsj.com,+998-679-613-3613
12-6295739,Nikki,Le Breton,nlebretonco@goo.gl,+48-991-432-0829
59-8720163,Marcel,Friman,mfrimancp@bravesites.com,+46-812-694-6005
13-2526425,Myrilla,Febvre,mfebvrecq@ehow.com,+256-533-187-9288
51-3087647,Vanessa,Gowers,vgowerscr@elpais.com,+7-336-518-9108
60-6524465,Burch,Greaterex,bgreaterexcs@paginegialle.it,+86-850-279-0818
26-6135827,Selig,Silver,ssilverct@wikimedia.org,+86-301-488-4961
16-0090548,Morty,Piatek,mpiatekcu@homestead.com,+62-162-567-9747
45-5763152,Bell,Olivetti,bolivetticv@nydailynews.com,+86-869-643-8357
91-6769259,Sandy,Law,slawcw@spiegel.de,+1-145-405-4795
63-5464003,Clara,Hodjetts,chodjettscx@ucla.edu,+86-700-166-8382
04-6886248,Kailey,Yakushkev,kyakushkevcy@bbc.co.uk,+62-733-354-3325
77-7825952,Aylmar,Gwilym,agwilymcz@deviantart.com,+56-240-971-7427
35-5799144,Cordie,Dearl,cdearld0@amazonaws.com,+1-812-253-2485
75-8475704,Linnie,Boribal,lboribald1@linkedin.com,+62-812-490-2716
42-3374249,Tallie,de Aguirre,tdeaguirred2@macromedia.com,+84-589-662-5535
82-8715661,Marjorie,Blakely,mblakelyd3@ebay.com,+62-219-778-8196
64-6009770,Kitty,Standeven,kstandevend4@friendfeed.com,+62-893-376-1889
79-8178458,Ilise,Borris,iborrisd5@yahoo.co.jp,+7-237-417-8884
48-5345192,Matthaeus,Morling,mmorlingd6@jimdo.com,+39-568-270-3255
71-9700935,Shayna,Hurlin,shurlind7@aboutads.info,+48-640-106-4018
19-4043200,Nadeen,Palle,npalled8@privacy.gov.au,+58-593-488-9642
02-7860636,Hyacinthe,Maggill'Andreis,hmaggillandreisd9@weather.com,+372-183-805-3564
25-7984898,Sebastian,Brychan,sbrychanda@bluehost.com,+381-126-878-4838
04-0516468,Allistir,Bearn,abearndb@zimbio.com,+62-675-116-1932
04-5886126,Mufi,Lambirth,mlambirthdc@behance.net,+86-831-413-3588
29-6264251,Alexandro,Gerding,agerdingdd@studiopress.com,+62-410-463-0834
66-6156609,Oralle,Jambrozek,ojambrozekde@e-recht24.de,+86-269-106-5034
88-6229722,Shawna,Halgarth,shalgarthdf@dot.gov,+86-330-309-3169
09-0433717,Sophie,Neggrini,sneggrinidg@addthis.com,+61-629-299-8612
58-3334505,Thane,Phizacklea,tphizackleadh@jiathis.com,+255-519-999-0223
97-2550705,Hammad,Roberto,hrobertodi@sitemeter.com,+86-654-700-6527
38-1785078,Elsi,Pigney,epigneydj@mlb.com,+353-434-564-2128
40-9725462,Carmina,Pashbee,cpashbeedk@state.tx.us,+86-183-380-6972
65-5352523,Zaccaria,Melding,zmeldingdl@ezinearticles.com,+54-120-887-5704
40-4194720,Carolus,Andryszczak,candryszczakdm@about.me,+95-216-776-8674
67-6645103,Ynes,Goodnow,ygoodnowdn@forbes.com,+7-543-983-7345
02-3673292,Juliette,Curado,jcuradodo@bigcartel.com,+30-130-181-6938
22-4611405,Penni,Spark,psparkdp@goodreads.com,+30-837-165-4323
64-9907637,Angelo,Mc Elory,amcelorydq@sina.com.cn,+30-978-397-9192
53-4495793,Callie,Meese,cmeesedr@omniture.com,+687-784-547-1856
19-5509254,Gerhardine,Merck,gmerckds@cafepress.com,+509-239-566-3310
42-3275806,Roda,Jekel,rjekeldt@mtv.com,+86-224-417-6431
78-3020435,Clim,Kilbane,ckilbanedu@uiuc.edu,+62-607-995-8295
06-4684299,Ginny,Chimienti,gchimientidv@phpbb.com,+62-762-439-7109
73-3101447,Engelbert,Bowick,ebowickdw@forbes.com,+33-177-934-7220
15-9746725,Kelcy,Beckenham,kbeckenhamdx@gizmodo.com,+48-781-769-7428
72-8619622,Albertina,Oakes,aoakesdy@privacy.gov.au,+212-254-313-6462
04-9503626,Lil,Cansdell,lcansdelldz@addthis.com,+86-931-928-5139
66-9357576,Teresita,Rodear,trodeare0@cloudflare.com,+63-336-696-5616
54-7496362,Borden,Bosomworth,bbosomworthe1@netvibes.com,+1-804-780-0083
11-6195653,Gianina,Pooke,gpookee2@amazon.de,+382-748-814-7159
34-0183394,Elfrida,Sandbrook,esandbrooke3@huffingtonpost.com,+51-115-813-8753
04-6156329,Ettie,Pavelin,epaveline4@canalblog.com,+57-375-232-9313
11-4326410,Gert,Bratcher,gbratchere5@economist.com,+86-483-267-9109
48-6786595,Kellyann,Chapier,kchapiere6@noaa.gov,+63-514-546-8378
20-1906100,Hermine,Ivan,hivane7@list-manage.com,+33-790-103-3495
35-6313963,Morgana,Walworche,mwalworchee8@hostgator.com,+351-259-578-1302
48-5704065,Jeanelle,Dooney,jdooneye9@wikimedia.org,+1-610-686-7900
17-7598150,Donnie,Pinsent,dpinsentea@tumblr.com,+225-371-653-9841
21-4691273,Aliza,Wolpert,awolperteb@utexas.edu,+63-376-536-5865
32-6349916,Rana,McPhate,rmcphateec@europa.eu,+86-354-141-9540
93-4050353,Inness,Ben,ibened@msu.edu,+86-378-814-5290
21-2985206,Aprilette,Kneafsey,akneafseyee@admin.ch,+48-453-970-7662
27-2327076,Derrik,Chatwin,dchatwinef@mail.ru,+880-500-438-8592
09-5301311,Hope,De Giorgi,hdegiorgieg@bbc.co.uk,+86-534-497-0085
77-6636401,Ian,Shyres,ishyreseh@cyberchimps.com,+86-601-320-5363
97-2969205,Caitlin,McMinn,cmcminnei@creativecommons.org,+63-958-143-4049
72-6214171,Angie,Borgesio,aborgesioej@unblog.fr,+55-148-894-0521
35-1004634,Eugenio,Volcker,evolckerek@sourceforge.net,+47-525-229-2381
80-1481850,Lana,Le Fleming,lleflemingel@furl.net,+62-817-206-4882
93-9142066,Denney,Hartmann,dhartmannem@tamu.edu,+998-126-403-8746
85-3436996,Kerwin,Vasnev,kvasneven@posterous.com,+7-432-804-4348
80-7230879,Morris,Larmett,mlarmetteo@icio.us,+62-394-233-6356
37-4939892,Boonie,Benedettini,bbenedettiniep@china.com.cn,+970-899-982-9766
97-4175631,Vitoria,Lazenby,vlazenbyeq@si.edu,+51-561-304-1311
34-9968921,Essie,Pesselt,epesselter@uiuc.edu,+86-237-727-6120
25-8658555,Shirlene,Lodeke,slodekees@livejournal.com,+49-782-422-2258
94-1863129,Duky,Kohn,dkohnet@wikia.com,+7-230-185-5707
88-6457980,Zuzana,Garnson,zgarnsoneu@mac.com,+7-559-325-3977
10-6282251,Davidson,Linkie,dlinkieev@nih.gov,+63-402-774-0958
21-1846334,Fransisco,Bjerkan,fbjerkanew@who.int,+66-883-891-4111
77-7267031,Jannelle,Cauldfield,jcauldfieldex@bluehost.com,+30-241-919-9169
42-5655594,Rodolphe,Rhodes,rrhodesey@cbslocal.com,+86-709-884-0325
22-9162240,Kathye,Fake,kfakeez@digg.com,+676-642-546-0951
71-7021309,Doris,Skipp,dskippf0@pagesperso-orange.fr,+86-333-598-2163
01-0790678,Nathanial,Oneal,nonealf1@delicious.com,+86-183-422-6623
06-5797085,Carmine,Coggan,ccogganf2@admin.ch,+48-251-184-5694
55-0675467,Cletus,McConachie,cmcconachief3@google.co.jp,+66-649-206-8255
22-0412124,Spenser,Chaffen,schaffenf4@simplemachines.org,+62-769-273-7055
10-6694199,Leodora,Agiolfinger,lagiolfingerf5@icio.us,+33-566-766-6375
61-9832839,Christopher,Coweuppe,ccoweuppef6@exblog.jp,+967-147-882-2987
95-7905000,Lyndy,Hillin,lhillinf7@washingtonpost.com,+7-647-818-7574
29-8308279,Rasia,Aspinall,raspinallf8@blogspot.com,+82-182-372-7540
19-0315767,Joelly,Gissop,jgissopf9@delicious.com,+84-560-322-6488
06-5034767,Shelley,Stiegars,sstiegarsfa@hc360.com,+242-137-315-6144
78-8907053,Klaus,Denty,kdentyfb@msn.com,+352-796-454-4940
66-5113475,Happy,Dove,hdovefc@posterous.com,+55-687-520-1205
43-5901416,Manfred,Featherbie,mfeatherbiefd@howstuffworks.com,+86-764-520-5028
07-2254424,Harriette,Wellstead,hwellsteadfe@ca.gov,+86-327-830-0022
74-2821551,Joline,Bisiker,jbisikerff@umn.edu,+55-849-754-0898
55-1862974,Katharine,Casacchia,kcasacchiafg@woothemes.com,+86-315-540-9416
13-6048567,Wendi,Mc Faul,wmcfaulfh@sphinn.com,+352-363-519-2684
90-6776652,Jervis,Kording,jkordingfi@disqus.com,+33-142-253-3946
45-5650641,Evaleen,Coatsworth,ecoatsworthfj@oracle.com,+20-747-415-4344
87-8528542,Koralle,Farryn,kfarrynfk@elpais.com,+503-936-469-7073
24-2765578,Clem,Moutray Read,cmoutrayreadfl@blogspot.com,+7-873-408-5953
09-1289885,Lanita,MacCurlye,lmaccurlyefm@ted.com,+223-144-421-0448
91-0085676,Ardelle,Hatwells,ahatwellsfn@bigcartel.com,+62-940-470-2609
09-7068048,Jule,Phittiplace,jphittiplacefo@wisc.edu,+62-284-980-9176
09-2848352,Silvan,Mitchenson,smitchensonfp@google.com.br,+86-734-525-4677
49-3431218,Rozele,Hartop,rhartopfq@123-reg.co.uk,+62-557-131-6196
43-8348614,Agustin,Aburrow,aaburrowfr@whitehouse.gov,+974-626-377-3212
85-5769708,Devi,Candlish,dcandlishfs@deviantart.com,+1-816-130-5491
74-3733893,Tabb,Mostin,tmostinft@ftc.gov,+52-851-793-2558
22-7447697,Garret,Wyllcock,gwyllcockfu@list-manage.com,+591-597-961-9019
90-4244977,Saundra,Tomasino,stomasinofv@bizjournals.com,+86-635-432-9918
65-5146939,Marcille,Lovell,mlovellfw@newsvine.com,+62-466-136-6277
23-7565380,Duky,Wilder,dwilderfx@noaa.gov,+62-313-697-5941
80-4961290,Yovonnda,Stallworth,ystallworthfy@usgs.gov,+55-413-105-9232
84-4659774,Ricky,Justun,rjustunfz@skype.com,+86-501-506-8767
89-8573167,Sabine,Messier,smessierg0@usgs.gov,+1-812-359-3942
08-1840306,Charmain,Caldecourt,ccaldecourtg1@yahoo.co.jp,+351-236-468-3953
81-8833935,Lida,Trevena,ltrevenag2@msu.edu,+7-551-745-1034
00-6739456,Martyn,Persich,mpersichg3@pinterest.com,+52-309-817-0709
88-6802334,Pauly,Senechell,psenechellg4@addthis.com,+503-183-722-9719
51-9631372,Melanie,Dobrovolski,mdobrovolskig5@mayoclinic.com,+351-318-211-0125
92-4804944,Alwin,Frill,afrillg6@webnode.com,+1-859-654-0086
42-4002404,Gwenneth,Irdale,girdaleg7@printfriendly.com,+62-745-594-1795
37-0122113,Dulce,Di Ruggero,ddiruggerog8@mozilla.org,+255-920-702-8631
24-0182519,Sawyer,Born,sborng9@cargocollective.com,+81-360-291-3948
09-9807438,Nettle,Amorts,namortsga@yolasite.com,+256-504-132-7743
45-3458444,Sonny,Clemintoni,sclemintonigb@cloudflare.com,+86-896-140-7106
06-2899512,Anita,Thomelin,athomelingc@example.com,+62-217-108-4664
83-1633631,Gabriell,Stoffer,gstoffergd@imgur.com,+62-866-943-3534
37-5768171,Eve,Frounks,efrounksge@sbwire.com,+212-319-785-0026
66-0071656,Cody,Sheirlaw,csheirlawgf@weebly.com,+1-360-984-2606
00-4345830,Felice,Eisikovitsh,feisikovitshgg@google.fr,+7-935-677-7215
68-5822979,Bryna,Halse,bhalsegh@de.vu,+86-922-176-7302
76-9712715,Cornall,Swyne,cswynegi@geocities.com,+57-848-998-2817
28-5495528,Neysa,Grosier,ngrosiergj@shop-pro.jp,+970-738-456-4363
55-4966742,Marion,Strivens,mstrivensgk@rediff.com,+351-338-793-9345
91-0223412,Jamie,Lanceley,jlanceleygl@epa.gov,+62-790-503-3147
13-2249735,Erhart,Retallick,eretallickgm@jigsy.com,+381-486-551-2766
10-3312823,Arluene,Checchetelli,achecchetellign@cmu.edu,+86-729-792-8512
76-0324344,Kile,Vautre,kvautrego@aol.com,+7-685-346-6778
46-9168444,Lyle,Winney,lwinneygp@fc2.com,+7-764-159-7461
73-4950582,Renaud,Pont,rpontgq@yolasite.com,+86-870-180-6684
44-1848447,Angelika,Duferie,aduferiegr@time.com,+54-965-957-3092
51-4764405,Taylor,Delaney,tdelaneygs@yellowpages.com,+86-898-666-1361
69-3245092,Booth,Bydaway,bbydawaygt@wordpress.com,+967-661-981-1817
90-5332635,Bethany,Oldacres,boldacresgu@quantcast.com,+86-880-818-1246
96-3805716,Benn,Krink,bkrinkgv@census.gov,+86-203-159-8171
02-8438797,Leonid,Gunderson,lgundersongw@mit.edu,+54-377-358-9607
28-3490170,Sholom,Ossipenko,sossipenkogx@rediff.com,+63-931-756-5676
27-2727409,Barbaraanne,Maydwell,bmaydwellgy@vkontakte.ru,+7-784-988-5436
92-5626876,Laryssa,Mountford,lmountfordgz@nbcnews.com,+353-724-643-4552
72-8792957,Feodora,Wooster,fwoosterh0@wunderground.com,+63-653-401-3345
43-0768213,Fanya,Keuneke,fkeunekeh1@deviantart.com,+46-322-900-9267
24-7648110,Vaughn,Fremantle,vfremantleh2@etsy.com,+63-278-794-2192
08-8748338,Marietta,Stockall,mstockallh3@github.com,+86-336-526-7785
60-8989561,Jose,Morland,jmorlandh4@amazon.de,+52-713-981-4294
24-3309534,Jasmine,Rutt,jrutth5@hc360.com,+264-192-652-4048
82-0933586,Fayth,Wimpress,fwimpressh6@si.edu,+63-466-195-9000
58-0349963,Clem,MacCollom,cmaccollomh7@shutterfly.com,+1-116-982-8141
40-4127182,Hobart,Walrond,hwalrondh8@apple.com,+7-485-854-0288
86-5633467,Candie,Agott,cagotth9@independent.co.uk,+57-729-477-4969
75-6762952,Ricki,Kingdom,rkingdomha@ted.com,+7-655-693-2792
01-7269236,Farrand,Moscone,fmosconehb@sbwire.com,+33-762-228-0090
16-4741111,Guinevere,Klausen,gklausenhc@vinaora.com,+63-352-540-9818
27-7484442,Kent,Revie,kreviehd@exblog.jp,+60-830-420-7897
16-1674423,Rickard,Pacquet,rpacquethe@unc.edu,+62-560-931-2081
78-7292257,Ben,Cornhill,bcornhillhf@symantec.com,+46-604-499-0411
17-1227410,Fania,Faunch,ffaunchhg@cpanel.net,+81-173-982-9505
80-6509068,Hoebart,Storre,hstorrehh@theatlantic.com,+81-326-677-3186
47-8454493,Vilma,Streader,vstreaderhi@google.com.hk,+57-956-401-3460
11-7154478,Gillan,Marshall,gmarshallhj@bigcartel.com,+32-299-246-8288
39-9733298,Susanna,Chantler,schantlerhk@imgur.com,+680-949-483-0905
26-1355426,Scottie,Schoroder,sschoroderhl@4shared.com,+62-460-937-1852
97-4790775,Rossy,Doddemeade,rdoddemeadehm@w3.org,+46-676-821-8369
54-4001764,Emmeline,Gilvary,egilvaryhn@msu.edu,+33-622-946-6400
13-3090566,Deina,Geldard,dgeldardho@gizmodo.com,+507-886-728-6859
36-4563751,Val,Boardman,vboardmanhp@patch.com,+62-862-908-0718
84-9507680,Tatum,Iamittii,tiamittiihq@miibeian.gov.cn,+7-726-235-6821
83-6837336,Jonathon,Chaves,jchaveshr@businessweek.com,+7-709-910-3229
46-0935852,Job,Reese,jreesehs@tumblr.com,+52-749-228-7098
81-9401002,Jae,Crowcum,jcrowcumht@stumbleupon.com,+62-211-994-2442
80-1663380,Davide,Beekmann,dbeekmannhu@slideshare.net,+81-599-337-1649
96-1513584,Filmer,Druce,fdrucehv@ucla.edu,+86-622-529-8574
64-9773427,Pinchas,Brockelsby,pbrockelsbyhw@google.co.jp,+63-211-183-6350
26-3774260,Tannie,Sliney,tslineyhx@economist.com,+675-490-198-1348
84-1154355,Tresa,Holbarrow,tholbarrowhy@wufoo.com,+351-136-571-8086
14-3403535,Wendy,Lennox,wlennoxhz@rakuten.co.jp,+375-716-369-9991
78-0055411,Adrianna,Punch,apunchi0@nyu.edu,+81-650-193-8307
35-5294993,Van,Juggings,vjuggingsi1@newsvine.com,+7-650-628-8988
58-5668339,Micki,Scheffler,mscheffleri2@mediafire.com,+55-931-256-0613
12-7559910,Berny,Antonacci,bantonaccii3@facebook.com,+996-457-603-2249
56-7564413,Aurea,Dockrey,adockreyi4@google.ca,+7-277-217-7433
36-0699783,Gale,MacGee,gmacgeei5@google.co.uk,+351-769-809-2246
56-3601857,Alaine,Hill,ahilli6@seattletimes.com,+92-149-701-5510
39-8312076,Malynda,Wreak,mwreaki7@bloomberg.com,+86-882-962-7462
94-9352432,Deonne,Gonneau,dgonneaui8@narod.ru,+251-991-666-9544
50-3127677,Allie,Bachs,abachsi9@bbb.org,+55-366-180-7255
41-0609713,Drucy,Aron,daronia@oracle.com,+86-230-690-1901
16-2045167,Arron,Skures,askuresib@cbsnews.com,+249-121-634-0124
33-4206070,Mara,Trimnell,mtrimnellic@umich.edu,+63-387-350-9323
38-7437428,Suzanna,Siret,ssiretid@miitbeian.gov.cn,+86-534-803-9181
60-8958504,Kasper,Seaking,kseakingie@com.com,+7-569-576-5407
20-7541202,Cordy,Cund,ccundif@nifty.com,+420-429-849-8685
76-6897610,Terri-jo,Wooder,twooderig@mysql.com,+46-757-710-9380
65-2956512,Ferrel,Boram,fboramih@networkadvertising.org,+86-713-886-6704
31-6830783,Mathilde,Radbourn,mradbournii@webmd.com,+509-376-682-2618
19-5888573,Thorvald,Dengate,tdengateij@typepad.com,+55-357-390-0446
28-9617113,Erinna,Roxbrough,eroxbroughik@webeden.co.uk,+212-391-200-5570
05-1804167,Fredi,Skehan,fskehanil@topsy.com,+86-459-191-9049
01-7134316,Myrtia,Alessandrini,malessandriniim@ucoz.ru,+33-988-174-7817
53-8092076,Darryl,Hourahan,dhourahanin@berkeley.edu,+33-736-110-6562
49-9638267,Fawnia,Colombier,fcolombierio@1688.com,+86-812-967-5340
19-7941836,Waverly,Bartunek,wbartunekip@ca.gov,+86-956-624-7107
22-0522268,Florenza,Lauret,flauretiq@squidoo.com,+20-108-804-9868
05-3174098,Daniella,Cramer,dcramerir@nytimes.com,+351-276-357-8105
08-8951319,Kyla,Valentinetti,kvalentinettiis@networksolutions.com,+63-321-706-0299
99-7070740,Rodney,Stilly,rstillyit@jigsy.com,+86-981-888-6275
25-9836051,Orsola,Bengtson,obengtsoniu@loc.gov,+86-385-807-7411
49-1587029,Merle,Gunton,mguntoniv@ezinearticles.com,+46-631-222-0090
37-9370804,Consuela,Martinson,cmartinsoniw@51.la,+855-611-863-8156
32-1506979,Terrell,Finlayson,tfinlaysonix@weebly.com,+54-210-847-1783
89-8000807,Hamlin,Bingley,hbingleyiy@sphinn.com,+261-174-697-2106
11-2341405,Paco,Tabor,ptaboriz@imgur.com,+92-794-916-6170
85-7599331,Vi,Burrage,vburragej0@wp.com,+55-972-994-5140
24-3410064,Trude,Barr,tbarrj1@flickr.com,+81-506-838-0688
12-5135513,Augustine,Wardhough,awardhoughj2@unesco.org,+55-907-644-6176
66-3169171,Abba,Lynock,alynockj3@ibm.com,+86-653-505-7266
74-3008104,Isidora,Cornthwaite,icornthwaitej4@domainmarket.com,+856-642-578-3715
44-8279494,Florina,Trudgeon,ftrudgeonj5@instagram.com,+591-232-542-0677
48-5390749,Nancey,Brocking,nbrockingj6@example.com,+375-186-509-0859
27-6647397,Arvin,Rolstone,arolstonej7@epa.gov,+86-274-992-9702
42-8908959,Egon,Persitt,epersittj8@edublogs.org,+81-941-686-7281
14-1036624,Rogerio,Leighton,rleightonj9@sina.com.cn,+387-838-230-4054
24-0076054,Ida,Neising,ineisingja@ucoz.ru,+256-105-230-5103
14-7776906,Osbert,Yegorovnin,oyegorovninjb@comcast.net,+420-811-478-0029
46-0238950,Fernanda,Iceton,ficetonjc@360.cn,+48-835-270-3694
14-6321174,Leonhard,Quayle,lquaylejd@ebay.co.uk,+86-419-915-0700
03-4400761,Katine,Lincke,klinckeje@gmpg.org,+81-832-634-3741
29-3434275,Vannie,Berling,vberlingjf@mapquest.com,+62-590-684-6711
06-1982350,Mirilla,Melvin,mmelvinjg@mlb.com,+62-399-857-4951
89-8508148,Clarabelle,Greatbach,cgreatbachjh@accuweather.com,+359-511-183-6838
29-4845679,Lazar,Barry,lbarryji@delicious.com,+84-358-701-5639
84-9277416,Colver,Campbell,ccampbelljj@blogspot.com,+253-980-631-8808
26-3450111,Kally,McQuilliam,kmcquilliamjk@buzzfeed.com,+86-176-959-3779
85-9883251,Angele,Guyonneau,aguyonneaujl@ca.gov,+254-899-496-5884
43-3393939,Minnnie,Busby,mbusbyjm@amazonaws.com,+86-924-273-4087
81-2354751,Romola,Towell,rtowelljn@gravatar.com,+58-285-581-7973
98-7472556,Jordon,Aspden,jaspdenjo@ifeng.com,+33-187-253-1744
99-9539833,Odella,Jermey,ojermeyjp@weibo.com,+234-785-478-5522
34-3631512,Matias,Leeke,mleekejq@wordpress.com,+33-234-976-0668
44-7621642,Brocky,Cow,bcowjr@1und1.de,+992-368-540-0906
32-5335723,Joachim,MacNally,jmacnallyjs@spiegel.de,+63-113-825-4358
49-3751811,Orv,Tapp,otappjt@skyrock.com,+62-699-767-8679
68-9442833,Jamil,Agerskow,jagerskowju@amazonaws.com,+7-659-458-3231
66-9255853,Sibeal,Breeder,sbreederjv@eepurl.com,+62-205-126-5650
47-5840056,Chevy,Reignard,creignardjw@alexa.com,+60-961-234-9332
82-9830807,Bearnard,Veschambes,bveschambesjx@jimdo.com,+86-597-627-8648
97-7073201,Kiel,Swanborrow,kswanborrowjy@bluehost.com,+504-785-791-2956
56-9311722,Seumas,Surmon,ssurmonjz@census.gov,+33-244-812-0391
84-5520449,Lacie,Boullen,lboullenk0@japanpost.jp,+62-821-946-5225
74-7852601,Phillida,Bourthoumieux,pbourthoumieuxk1@google.cn,+86-194-728-2547
79-5318329,Harriett,Boldry,hboldryk2@state.tx.us,+976-442-746-2301
26-5905744,Sergio,Edmett,sedmettk3@netlog.com,+255-265-896-4786
82-3794577,Tate,Benterman,tbentermank4@cocolog-nifty.com,+62-271-883-6111
03-2815825,Sapphire,Tudge,studgek5@edublogs.org,+86-290-178-1537
40-4392747,Colline,Goldsberry,cgoldsberryk6@myspace.com,+86-818-623-5291
47-3453595,Junia,Grandisson,jgrandissonk7@wufoo.com,+55-102-169-0710
66-7586173,Josiah,O'Kinneally,jokinneallyk8@ucoz.com,+86-638-105-6503
74-1212866,Ragnar,Sibyllina,rsibyllinak9@bigcartel.com,+593-821-865-0230
55-1974280,Helaina,Shrive,hshriveka@bloglines.com,+48-130-822-1446
10-7337203,Del,Bathersby,dbathersbykb@sourceforge.net,+86-825-272-3253
30-7008536,Kippie,Gulc,kgulckc@marriott.com,+62-340-183-1698
64-5755597,Walther,Brisbane,wbrisbanekd@sciencedirect.com,+51-700-926-7779
74-3916181,Graig,Caudle,gcaudleke@nationalgeographic.com,+380-117-701-2485
09-0893790,Albertine,Van Schafflaer,avanschafflaerkf@state.gov,+351-937-676-1643
96-6065465,Janith,M'cowis,jmcowiskg@redcross.org,+256-725-809-1002
79-0653394,Wallis,Benzing,wbenzingkh@deviantart.com,+86-212-803-0342
36-5115807,Berte,Matushenko,bmatushenkoki@ca.gov,+48-393-423-5352
63-6012249,Maison,Offield,moffieldkj@nature.com,+963-680-972-0853
01-8268304,Miles,Denisyev,mdenisyevkk@storify.com,+52-577-913-9305
48-3374105,Nahum,Bauldry,nbauldrykl@phoca.cz,+57-180-108-0621
72-4696390,Brear,Brunning,bbrunningkm@huffingtonpost.com,+62-546-259-6122
30-4459591,Gregoire,McGrowther,gmcgrowtherkn@creativecommons.org,+1-704-712-2806
17-8377348,Issi,Ray,irayko@tiny.cc,+62-765-108-7384
09-5260036,Giacopo,Adelman,gadelmankp@eventbrite.com,+7-371-233-0371
00-1747066,Glenine,Wainman,gwainmankq@cyberchimps.com,+53-453-129-8294
85-6236780,Morrie,Hallows,mhallowskr@over-blog.com,+62-912-751-5693
23-6274527,Brendis,Brook,bbrookks@cdbaby.com,+62-174-902-6594
71-3777821,Nerta,Vigne,nvignekt@slideshare.net,+98-393-699-2955
64-0806252,Ingra,Haswall,ihaswallku@reference.com,+62-402-941-4239
87-4615815,Matti,Heeran,mheerankv@wikimedia.org,+86-364-860-7465
67-7545975,Eloise,Birtonshaw,ebirtonshawkw@nydailynews.com,+7-595-494-0310
37-9291373,Kelby,Shankland,kshanklandkx@youtu.be,+7-418-762-2346
22-0994753,Cully,Burley,cburleyky@php.net,+1-409-887-6876
17-6943217,Monty,Bullan,mbullankz@taobao.com,+86-290-723-8941
56-5985221,Gale,Caseborne,gcasebornel0@economist.com,+380-782-565-3917
06-7113295,Davon,Tander,dtanderl1@arizona.edu,+7-765-755-1705
75-7267902,Rodrigo,MacDaid,rmacdaidl2@yelp.com,+1-719-468-8192
67-1169762,Lenard,Fearne,lfearnel3@yellowbook.com,+55-477-380-1944
40-2591982,Jonell,Fonte,jfontel4@ted.com,+7-363-822-1187
82-5826309,Timmy,Casaccio,tcasacciol5@bandcamp.com,+55-452-847-7185
05-6062158,Tonnie,Beckitt,tbeckittl6@baidu.com,+383-980-727-0459
76-2183689,Timmy,Oakly,toaklyl7@newsvine.com,+420-227-619-3614
88-4775828,Christoph,Lockhead,clockheadl8@si.edu,+64-134-413-8470
77-3814409,Alvie,Tetla,atetlal9@ebay.com,+46-276-273-4106
20-7431333,Uriah,Riteley,uriteleyla@unesco.org,+1-808-667-1803
71-7550712,Tiffany,Boulds,tbouldslb@npr.org,+420-602-289-6757
21-5844774,Burtie,Gelsthorpe,bgelsthorpelc@wisc.edu,+55-123-896-8802
57-0769356,Ulysses,Polet,upoletld@huffingtonpost.com,+51-964-887-0754
48-5974569,Beauregard,Georgel,bgeorgelle@google.com.br,+45-185-478-0078
54-6716597,Kin,Hazeldene,khazeldenelf@etsy.com,+48-897-994-8678
11-2849643,Karola,Eates,keateslg@exblog.jp,+86-231-436-4975
81-3520177,Laurent,Hens,lhenslh@shinystat.com,+62-447-338-8833
21-6591973,Cinderella,Meininger,cmeiningerli@wikimedia.org,+53-750-415-9461
27-8952453,Adham,Rose,aroselj@cbsnews.com,+351-363-502-1699
18-3815441,Harlene,Carville,hcarvillelk@oaic.gov.au,+961-354-132-5555
83-8484138,Crosby,Wreight,cwreightll@booking.com,+86-856-812-1330
23-3199276,Winny,Baton,wbatonlm@disqus.com,+49-791-531-4529
10-5419263,Ambur,McGilmartin,amcgilmartinln@skype.com,+7-769-284-1981
18-8361958,Tommy,Vairow,tvairowlo@netlog.com,+92-445-472-9309
75-1927292,Timotheus,Chatel,tchatellp@admin.ch,+86-282-556-7513
84-2300367,Tiphanie,Vogt,tvogtlq@geocities.jp,+61-745-198-9704
92-2175584,Donal,Zuanelli,dzuanellilr@oracle.com,+355-976-977-0774
52-4319948,Tybalt,Stimpson,tstimpsonls@globo.com,+66-922-728-7494
10-4873234,Kati,Whatham,kwhathamlt@chicagotribune.com,+63-637-910-7536
58-0678248,Jami,Philipp,jphilipplu@google.nl,+86-513-626-9677
45-3299086,Janek,Enriquez,jenriquezlv@dailymail.co.uk,+47-701-157-0740
75-4541857,Josie,Doorey,jdooreylw@vkontakte.ru,+66-496-988-0483
62-5063920,Matthieu,McShirrie,mmcshirrielx@google.it,+62-801-399-6872
96-2808044,Bette,Methven,bmethvenly@woothemes.com,+81-426-949-5881
07-1999632,Samson,Comini,scominilz@ameblo.jp,+62-173-705-1606
27-7291706,Tonie,Darling,tdarlingm0@issuu.com,+33-796-879-3693
12-8256875,Jule,Cargon,jcargonm1@bigcartel.com,+230-222-680-4468
45-1038562,Donn,Dewire,ddewirem2@businesswire.com,+7-431-801-9160
95-8389510,Bancroft,Dunton,bduntonm3@abc.net.au,+63-543-897-7639
02-6421862,Tabb,Fontelles,tfontellesm4@wunderground.com,+7-830-184-1108
21-0701303,Zuzana,Guirardin,zguirardinm5@baidu.com,+62-715-426-5687
56-4498670,Raimundo,Brenston,rbrenstonm6@goo.ne.jp,+355-990-116-0138
29-8105618,Avictor,Ugolotti,augolottim7@github.com,+48-329-463-7298
41-1556183,Aurelia,Cordie,acordiem8@europa.eu,+52-538-515-2547
70-0616280,Jaquelin,Bysouth,jbysouthm9@wiley.com,+62-193-221-5874
98-4242490,Caressa,Rosen,crosenma@mtv.com,+358-399-815-4942
88-0634496,Foster,Kann,fkannmb@spiegel.de,+63-300-811-2614
80-3396991,Gery,Freire,gfreiremc@nifty.com,+1-616-875-0059
81-0237103,Salli,Giggie,sgiggiemd@fda.gov,+7-114-289-9329
29-2972898,Tore,Dowd,tdowdme@flavors.me,+7-881-437-9406
93-5814208,Silvio,Penlington,spenlingtonmf@smugmug.com,+62-817-357-9569
22-1978295,Brig,Edler,bedlermg@diigo.com,+86-124-450-2569
25-9514261,Alexandro,Stuchbery,astuchberymh@example.com,+57-592-504-5455
35-3338348,Merle,Karolovsky,mkarolovskymi@pen.io,+977-968-618-6862
99-5485216,Staci,Riediger,sriedigermj@statcounter.com,+355-752-820-0451
90-7862802,Ogdon,Brownill,obrownillmk@ihg.com,+98-592-911-5906
73-0526721,Monty,Grinsted,mgrinstedml@jiathis.com,+7-540-604-7571
72-2772574,Benn,Guillon,bguillonmm@slideshare.net,+86-313-428-6570
53-7541494,Lemuel,Lapree,llapreemn@squarespace.com,+46-834-683-3508
08-9394781,Kelley,Bassham,kbasshammo@w3.org,+46-739-617-9294
43-6102563,Janette,Case,jcasemp@arstechnica.com,+7-926-426-0790
04-2165662,Rania,Allred,rallredmq@cnbc.com,+86-443-907-5738
92-8989739,Peder,Patterson,ppattersonmr@studiopress.com,+48-241-973-7823
06-9956369,Alec,Jovicevic,ajovicevicms@wp.com,+7-706-926-6154
73-5275591,Karney,Vinau,kvinaumt@time.com,+86-151-387-1478
07-1117008,Rhodie,Dunguy,rdunguymu@yahoo.co.jp,+86-496-211-7830
80-7376348,Donia,Mollin,dmollinmv@amazon.com,+86-162-107-2641
23-7942392,Normie,Wethered,nwetheredmw@exblog.jp,+62-380-390-3465
10-6102854,Reid,Quakley,rquakleymx@homestead.com,+86-832-184-6373
41-3903961,Peirce,Worters,pwortersmy@imageshack.us,+386-510-405-7067
52-9129481,Magdaia,Mcasparan,mmcasparanmz@springer.com,+30-388-732-9637
61-4025884,Lay,Blasl,lblasln0@go.com,+86-167-854-3646
36-0325720,Mikey,Winchester,mwinchestern1@indiatimes.com,+7-917-421-6818
23-0759958,Sully,Moynihan,smoynihann2@cmu.edu,+86-852-913-8279
58-6727927,Duffy,Pantlin,dpantlinn3@dropbox.com,+86-120-364-6089
83-9773800,Gweneth,Grellier,ggrelliern4@webnode.com,+62-639-334-3559
14-8993547,Hazlett,Nannizzi,hnannizzin5@csmonitor.com,+63-380-622-8310
95-3619833,Shayna,McClenan,smcclenann6@mit.edu,+359-195-209-0856
70-2460196,Noelle,Brabyn,nbrabynn7@google.ru,+94-507-624-2943
11-5762836,Madlen,Kopelman,mkopelmann8@ifeng.com,+234-488-848-2740
53-7579375,Vasilis,Keary,vkearyn9@istockphoto.com,+62-399-143-0684
34-5807900,Rowe,Arthur,rarthurna@feedburner.com,+86-199-834-7049
93-8601301,Luigi,Wimbridge,lwimbridgenb@github.com,+353-650-912-2203
84-5150625,Roxi,Croxford,rcroxfordnc@devhub.com,+33-175-765-2035
99-6907521,Petrina,MacMakin,pmacmakinnd@sakura.ne.jp,+63-568-262-8602
32-8786188,Tabitha,Abdey,tabdeyne@earthlink.net,+48-600-889-2687
62-9017241,Jodi,Lindner,jlindnernf@google.com.br,+381-405-134-8684
92-3673710,Richard,Vasiliev,rvasilievng@usatoday.com,+60-246-964-8443
14-6737169,Damara,Morson,dmorsonnh@bandcamp.com,+33-935-275-5928
31-0273027,Nevins,Tiesman,ntiesmanni@abc.net.au,+7-357-933-7637
69-3303430,Lily,Parkeson,lparkesonnj@barnesandnoble.com,+92-277-308-9543
60-7987739,Donia,Fulstow,dfulstownk@shop-pro.jp,+381-612-673-8056
19-8198298,Sayre,Kaminski,skaminskinl@flavors.me,+86-868-101-3831
61-9082723,Janaya,Gleadhall,jgleadhallnm@odnoklassniki.ru,+33-217-349-2452
35-3909285,Andee,Stubbin,astubbinnn@istockphoto.com,+86-725-213-6108
91-8625311,Moishe,Mardy,mmardyno@paypal.com,+355-912-974-1895
08-5208241,Sanson,Arp,sarpnp@ftc.gov,+351-834-164-6777
52-4804093,Yvette,Neylan,yneylannq@economist.com,+7-577-440-3803
32-7899216,Jeane,Tellesson,jtellessonnr@virginia.edu,+507-864-424-1746
51-8371516,Ellwood,Chalfont,echalfontns@mlb.com,+33-415-898-1178
71-0554300,Appolonia,Woodroof,awoodroofnt@creativecommons.org,+63-223-141-4359
73-3022851,Thurston,Eyrl,teyrlnu@facebook.com,+62-503-363-9990
16-1540070,Clerc,Ivanisov,civanisovnv@seattletimes.com,+351-628-903-3371
76-7687194,Skipper,Starten,sstartennw@upenn.edu,+86-756-201-7530
29-1971823,Jonas,Jimpson,jjimpsonnx@latimes.com,+420-179-836-9750
82-5518600,Sheba,Melato,smelatony@wordpress.com,+507-431-573-3482
30-7109587,Gunther,Beastall,gbeastallnz@lulu.com,+62-430-317-3466
82-1705315,Vyky,Olander,volandero0@newsvine.com,+30-503-728-2900
60-3725417,Sibel,Knudsen,sknudseno1@a8.net,+52-528-964-8687
07-6392273,Joete,Dimbleby,jdimblebyo2@goo.gl,+51-580-691-3188
26-1901960,Henrietta,Bloss,hblosso3@wikispaces.com,+55-743-134-9517
83-9253604,Ned,Frowd,nfrowdo4@ovh.net,+46-254-736-4033
72-0797399,Ariella,Dawson,adawsono5@wunderground.com,+90-388-303-3839
55-5151767,Lucky,Muzzillo,lmuzzilloo6@cpanel.net,+52-417-163-5392
73-9053454,Aldis,Brasier,abrasiero7@bravesites.com,+92-949-961-1054
22-7682357,Emmie,Crust,ecrusto8@foxnews.com,+95-712-209-0282
08-8189574,Kienan,Janousek,kjanouseko9@who.int,+58-227-859-4839
04-6315271,Benjamen,Lampett,blampettoa@umich.edu,+52-493-533-3850
22-5088660,Cloris,Scholig,cscholigob@tumblr.com,+86-690-867-8428
08-0289959,Ardra,Raison,araisonoc@intel.com,+62-297-940-5795
89-1009686,Donall,Matussevich,dmatussevichod@ox.ac.uk,+55-474-871-1737
62-7959863,Sarita,Blenkinsopp,sblenkinsoppoe@123-reg.co.uk,+55-735-456-6942
34-6237520,Shirl,Karpe,skarpeof@1und1.de,+86-131-729-9327
69-6868890,Ernestus,Ditts,edittsog@webeden.co.uk,+55-979-303-1784
48-9313824,Dillie,Mallebone,dmalleboneoh@diigo.com,+81-100-989-0978
58-6778048,Marcille,Brook,mbrookoi@sohu.com,+232-454-105-0189
42-5029181,Wade,Donizeau,wdonizeauoj@1688.com,+351-877-955-7333
84-3703510,Baird,Ludee,bludeeok@redcross.org,+92-188-197-6212
63-2296006,Hans,Padginton,hpadgintonol@forbes.com,+86-207-526-6555
45-9637541,Edith,Maryon,emaryonom@discuz.net,+54-601-376-2740
58-2975342,Rheta,Farren,rfarrenon@cnn.com,+7-984-777-3955
15-3335308,Mathian,Southcott,msouthcottoo@omniture.com,+992-918-833-9218
88-0418261,Lebbie,Tumielli,ltumielliop@ihg.com,+261-537-374-2621
29-0412028,Michale,Skellorne,mskellorneoq@upenn.edu,+86-664-670-1645
21-9374585,Fair,Rosbotham,frosbothamor@deviantart.com,+48-286-875-1603
59-0087916,Vinni,Genever,vgeneveros@squarespace.com,+380-226-165-3089
62-3361385,Ynes,Tabbernor,ytabbernorot@yellowpages.com,+93-428-686-0831
67-1339312,Lauri,Allcock,lallcockou@abc.net.au,+63-196-341-7544
73-4243048,Denys,Caldaro,dcaldaroov@disqus.com,+86-992-466-8398
70-8518797,Demetris,Moakler,dmoaklerow@twitter.com,+86-552-661-6151
26-1415465,Curry,MacDermot,cmacdermotox@parallels.com,+30-297-445-8374
69-0157595,Yuri,Rivalland,yrivallandoy@squidoo.com,+86-714-803-2443
48-9501971,Aubry,Howgate,ahowgateoz@utexas.edu,+7-207-297-6238
17-4366847,Kellen,Wheble,kwheblep0@accuweather.com,+62-395-386-5776
89-9965223,Blaire,Spancock,bspancockp1@ask.com,+86-673-685-5425
92-2891532,Sherlock,Maplesden,smaplesdenp2@baidu.com,+86-156-910-8023
17-4068432,Konstanze,Dominick,kdominickp3@statcounter.com,+62-676-373-7625
89-0494833,Clayborne,Grangier,cgrangierp4@economist.com,+291-559-757-6711
61-6301681,Meryl,Bardsley,mbardsleyp5@mac.com,+46-507-376-6022
13-0357456,Gauthier,Sweynson,gsweynsonp6@elegantthemes.com,+595-552-526-1784
36-0583110,Hallsy,Surtees,hsurteesp7@freewebs.com,+254-745-625-8787
78-2543575,Cristabel,Newart,cnewartp8@blog.com,+234-768-280-5841
06-8145789,Kirsten,Monelli,kmonellip9@homestead.com,+507-936-179-6865
26-0362919,Siffre,Kubera,skuberapa@who.int,+86-500-139-7312
08-8849819,Byrle,Veel,bveelpb@hubpages.com,+355-785-247-0871
59-3042787,Dukie,Amery,damerypc@tiny.cc,+55-119-924-5981
46-3008233,Gaby,Tenny,gtennypd@usa.gov,+86-424-805-6138
27-0907721,Shanan,McAtamney,smcatamneype@netlog.com,+86-167-887-2377
16-6413236,Noella,Roels,nroelspf@sun.com,+86-535-658-5221
85-9372143,Lorianna,Lutz,llutzpg@gov.uk,+86-310-577-2775
60-7993757,Ronalda,Morit,rmoritph@ycombinator.com,+380-453-833-4120
78-5165635,Prinz,Wallwood,pwallwoodpi@taobao.com,+51-533-168-0140
15-6974189,Em,Cockman,ecockmanpj@discuz.net,+351-809-491-0869
25-3597728,Elise,Tothacot,etothacotpk@technorati.com,+420-187-992-0080
19-7255347,Hollie,Hazeldene,hhazeldenepl@miibeian.gov.cn,+380-199-681-8601
51-9261851,Jackson,Reven,jrevenpm@sbwire.com,+46-167-101-5041
95-0144331,Mar,Bundock,mbundockpn@hp.com,+62-868-189-2310
36-8182509,Darelle,Twycross,dtwycrosspo@skyrock.com,+27-853-376-1841
14-0042421,Jesse,Christoffersen,jchristoffersenpp@jiathis.com,+54-634-239-1119
21-7204004,Reade,Pargetter,rpargetterpq@pbs.org,+256-447-264-6482
62-1998229,Merwin,Pymer,mpymerpr@intel.com,+86-753-108-2502
15-6099275,Chloris,Mullaly,cmullalyps@oakley.com,+358-134-530-6781
14-7411351,Adena,Toffoloni,atoffolonipt@oakley.com,+33-434-782-2124
00-7119286,Rudolf,Lohan,rlohanpu@blogspot.com,+86-347-381-6981
38-5213762,Guglielma,Rodrig,grodrigpv@photobucket.com,+81-719-286-8211
92-6431082,Perice,Lynett,plynettpw@mayoclinic.com,+62-715-717-2166
50-2353557,Reider,Shackleford,rshacklefordpx@alibaba.com,+976-440-149-1893
76-3791385,Lodovico,Cratchley,lcratchleypy@cbsnews.com,+236-634-519-3396
42-8810651,Kikelia,Siddons,ksiddonspz@cam.ac.uk,+220-892-912-3471
86-5551080,Adams,Glyne,aglyneq0@columbia.edu,+66-392-172-2317
86-7825164,Andra,Meckiff,ameckiffq1@wisc.edu,+86-388-476-6018
43-7464813,Federica,Setch,fsetchq2@toplist.cz,+351-158-258-3789
79-1741775,Jana,Carlisle,jcarlisleq3@twitter.com,+63-299-615-8400
22-3536007,Angie,Stickings,astickingsq4@diigo.com,+62-788-141-8637
62-4255335,Hewie,Savin,hsavinq5@diigo.com,+51-100-659-3304
21-0135465,Gus,McRitchie,gmcritchieq6@sun.com,+86-846-402-3457
36-6151078,Augustina,Axe,aaxeq7@alibaba.com,+372-529-647-4187
42-7106745,Patten,Maffy,pmaffyq8@barnesandnoble.com,+356-886-121-2031
28-1884065,Orson,Crittal,ocrittalq9@t-online.de,+86-850-317-3098
23-2457413,Alric,Bibby,abibbyqa@sitemeter.com,+55-778-131-7329
50-8598954,Darn,Leaman,dleamanqb@usa.gov,+62-710-583-7578
48-2821000,Elston,Flanagan,eflanaganqc@scientificamerican.com,+60-102-555-4981
19-0904662,Oralia,Stirgess,ostirgessqd@wufoo.com,+383-373-455-1909
80-5255693,Dorette,Klaessen,dklaessenqe@latimes.com,+86-873-553-2838
76-4004359,Olivero,O'Mullally,oomullallyqf@creativecommons.org,+385-451-633-4587
92-3426343,Fulton,Phelp,fphelpqg@taobao.com,+81-150-464-2225
86-2909236,Rodd,Lucia,rluciaqh@umich.edu,+48-248-402-3150
92-1583743,Jannel,Eckhard,jeckhardqi@ebay.com,+7-403-378-6696
10-0636812,Tudor,Pullin,tpullinqj@1und1.de,+33-546-445-3320
13-6986972,Suzy,Moseby,smosebyqk@mozilla.com,+62-660-504-0611
05-4980385,Nelie,Bunker,nbunkerql@ucoz.com,+63-243-161-5008
25-4339200,Chickie,Nicholes,cnicholesqm@cdc.gov,+27-721-272-0864
57-6571934,Martin,Crosson,mcrossonqn@tumblr.com,+62-712-853-6803
98-5959207,Dominique,Faraday,dfaradayqo@google.pl,+63-318-656-9060
80-4245704,Tatiana,McClaren,tmcclarenqp@csmonitor.com,+84-217-266-6639
67-0601557,Elva,Scarlon,escarlonqq@cnn.com,+60-975-330-2863
05-5251058,Carmencita,Goldis,cgoldisqr@gravatar.com,+86-974-501-4748
13-0552855,Stuart,Darlow,sdarlowqs@answers.com,+63-780-923-6636
79-2375300,Ivor,Gallihawk,igallihawkqt@meetup.com,+62-508-130-8102
46-9373978,Dalenna,Bewsy,dbewsyqu@yandex.ru,+62-507-202-6625
21-5992419,Fenelia,Ferron,fferronqv@huffingtonpost.com,+86-648-928-3425
14-7999604,Merline,Cutbush,mcutbushqw@npr.org,+351-908-832-4218
86-1253744,Cristy,Timms,ctimmsqx@cbsnews.com,+381-290-798-5761
96-3194023,Dre,Westlake,dwestlakeqy@archive.org,+55-636-775-5563
92-0265060,Holmes,Jamblin,hjamblinqz@sbwire.com,+967-384-988-3834
98-4696622,Samaria,Caswell,scaswellr0@histats.com,+63-305-662-1167
02-9004199,Jefferson,Cescoti,jcescotir1@tmall.com,+62-589-303-3537
26-6252812,Fergus,Struttman,fstruttmanr2@mit.edu,+55-138-825-1395
44-4909479,Melantha,Finnimore,mfinnimorer3@live.com,+380-633-143-0371
99-8996531,Licha,Carlucci,lcarluccir4@instagram.com,+1-650-229-6809
92-9944966,Hilde,Shear,hshearr5@webnode.com,+1-399-724-8619
21-6890093,Blakelee,MacDiarmond,bmacdiarmondr6@archive.org,+86-515-597-4006
09-8323619,Perkin,Tallant,ptallantr7@istockphoto.com,+7-208-918-6671
15-4442333,Pryce,Crippes,pcrippesr8@phpbb.com,+86-196-833-0323
38-7627486,Hank,Hadden,hhaddenr9@illinois.edu,+86-270-798-7552
12-4068840,Prudi,Learoyd,plearoydra@yellowbook.com,+216-750-222-2889
36-5192766,Ewan,Retter,eretterrb@people.com.cn,+420-669-601-2038
28-5130736,Tabitha,Ovell,tovellrc@va.gov,+86-251-455-7606
79-4077238,Baillie,Stancliffe,bstanclifferd@canalblog.com,+389-149-287-5659
47-1467023,Honey,Kennler,hkennlerre@dot.gov,+81-379-265-1605
21-7550041,Caye,Jacomb,cjacombrf@senate.gov,+62-733-999-5776
79-9241958,Dodi,Petters,dpettersrg@blinklist.com,+86-106-491-6204
06-1778188,Suzann,Minchi,sminchirh@ft.com,+46-161-573-4761
50-4610106,Roxanna,Layfield,rlayfieldri@ucoz.ru,+967-240-516-6343
00-6180760,Essie,Wiggall,ewiggallrj@sitemeter.com,+967-871-176-4833
99-7417481,Chas,Blaney,cblaneyrk@topsy.com,+381-285-116-0684
08-3550376,Priscilla,Abramowitz,pabramowitzrl@epa.gov,+351-695-761-7012
13-4319061,Carol,Breeder,cbreederrm@friendfeed.com,+54-589-571-1822
96-3376850,Carlen,Whitecross,cwhitecrossrn@addthis.com,+7-720-490-0316
51-6122803,Ana,Bangley,abangleyro@msu.edu,+86-917-893-8973
49-6527374,Kipp,Athelstan,kathelstanrp@macromedia.com,+63-152-243-7872
32-3951416,Daven,Vinick,dvinickrq@mediafire.com,+81-689-905-8832
85-4569929,Kristel,Ledward,kledwardrr@dyndns.org,+234-214-107-7595
